"area","epiweek","date","Ratio","omicron_Rt","delta_Rt","delta_cases","omicron_cases","omicron_proportion","temperature","relative_humidity","specific_humidity","uv","precipitation","Pop_density","Population","first_dose","second_dose","third_dose","full_vax_rate","stringency","gov_response","containment_health","economic_support"
"Bath and North East Somerset, Swindon and Wiltshire",47,2021-11-24,3.91203029065041,4.15830466054234,1.28573522194906,128,1,0.00775193798449612,4.2885377577373,82.0653893607003,0.0042112943317209,16448.0206473214,4.10670408663399e-05,261.281707763672,983503,733381,674340,257561,0.261881255064804,23.15,34.3357142857143,35.6742857142857,25
"Bath and North East Somerset, Swindon and Wiltshire",48,2021-12-01,5.91801316450242,4.52223215619872,0.780075244361489,987,16,0.0159521435692921,5.85809821741922,85.5605218069894,0.00486373296007514,14102.9426618304,7.19064184003011e-05,261.281707763672,983503,735069,676871,295118,0.300068225516343,23.15,34.9,36.31,25
"Bath and North East Somerset, Swindon and Wiltshire",49,2021-12-08,5.46584808221858,2.45879832977464,0.442214018449846,816,119,0.127272727272727,7.27033192770822,83.3948843819754,0.00509959991489138,8843.79523577009,0.000150361371912108,261.281707763672,983503,736892,679998,337285,0.342942522798609,23.15,34.9,36.31,25
"Bath and North East Somerset, Swindon and Wiltshire",50,2021-12-15,4.04825987711029,1.08593132101876,0.263812213730955,670,917,0.577819785759294,8.03264365877424,91.6775774274554,0.00619691437376397,8714.76032366071,8.50309317814078e-06,261.281707763672,983503,739635,684297,424287,0.431403869637408,35.45,41.8157142857143,44.2185714285714,25
"Bedfordshire, Luton and Milton Keynes",47,2021-11-24,5.35880348691488,4.92623562667105,1.4720662568648,241,4,0.0163265306122449,4.25402723891394,81.0171933855329,0.0041733748346035,14580.5657087054,6.99896092459002e-05,488.909729003906,944449,697440,628664,219840,0.232770641929845,23.15,34.3357142857143,35.6742857142857,25
"Bedfordshire, Luton and Milton Keynes",48,2021-12-01,7.08724419103293,3.95527612167415,0.567116577048471,2476,51,0.0201820340324495,5.30560771908079,84.9536339896066,0.00469177193008363,11855.6667131696,8.62877259767255e-05,488.909729003906,944449,699674,632594,255202,0.270212578974619,23.15,34.9,36.31,25
"Bedfordshire, Luton and Milton Keynes",49,2021-12-08,5.1281411012069,1.9874678492932,0.383907225366901,2856,500,0.148986889153754,6.33875404085432,85.1133128574916,0.00495326691972358,8456.41482979911,0.000143367247281796,488.909729003906,944449,701828,636113,293493,0.310755795177929,23.15,34.9,36.31,25
"Bedfordshire, Luton and Milton Keynes",50,2021-12-15,3.21561640023318,1.02494373614469,0.319764910123479,1553,2329,0.599948480164863,7.93048541886466,91.5597229003906,0.00611770625359246,7515.02950613839,1.22445526358206e-05,488.909729003906,944449,704464,640307,366989,0.388574713933733,35.45,41.8157142857143,44.2185714285714,25
"Birmingham and Solihull",47,2021-11-24,8.96187682287852,5.5927702542836,1.21864944275464,239,4,0.0164609053497942,4.14066605482783,81.9005573817662,0.00418013819892492,14571.1611328125,8.01239462328494e-05,1754.47473144531,787282,873906,775147,273604,0.347529855883915,23.15,34.3357142857143,35.6742857142857,25
"Birmingham and Solihull",48,2021-12-01,7.85505627541586,7.07829067765424,0.986142194865614,3007,22,0.00726312314295147,5.41405994551522,85.744028363909,0.00471382368622082,11444.0876116071,0.000102215615437932,1754.47473144531,787282,877466,780575,313038,0.39761864236703,23.15,34.9,36.31,25
"Birmingham and Solihull",49,2021-12-08,5.10983087303861,1.88846061085269,0.325404803178178,2553,325,0.112925642807505,6.47684005328587,86.5604466029576,0.00503997571234192,7753.78703962054,0.00015788935213225,1754.47473144531,787282,881089,785466,354916,0.450811780276953,23.15,34.9,36.31,25
"Birmingham and Solihull",50,2021-12-15,3.90665782389407,0.777008742757118,0.200086734476339,2309,3470,0.600449904827825,7.61717966624669,92.3720528738839,0.00608168362772891,7000.6572265625,2.39208453405938e-05,1754.47473144531,787282,886565,791603,447191,0.568018829339423,35.45,41.8157142857143,44.2185714285714,25
"Bristol, North Somerset and South Gloucestershire",47,2021-11-24,7.86520226360124,4.70147465902729,0.896598402150655,167,1,0.00595238095238095,4.70285286222185,79.5687659127372,0.00423890462012163,16954.28125,2.61515637467775e-05,619.784790039062,963522,747089,687511,259276,0.269091935627832,23.15,34.3357142857143,35.6742857142857,25
"Bristol, North Somerset and South Gloucestershire",48,2021-12-01,8.31493421372036,5.84602654365923,0.728885244748904,1747,21,0.0118778280542986,6.15480991772243,83.3200313023159,0.00490905956498214,14356.2509765625,6.51841137369047e-05,619.784790039062,963522,749524,690724,297403,0.308662386536062,23.15,34.9,36.31,25
"Bristol, North Somerset and South Gloucestershire",49,2021-12-08,4.46082534709922,2.15567150109785,0.463364822607104,759,150,0.165016501650165,7.41439921515329,81.3130351475307,0.00513881684413978,8308.7216796875,0.000114327514178772,619.784790039062,963522,751161,693677,340693,0.353591303571688,23.15,34.9,36.31,25
"Bristol, North Somerset and South Gloucestershire",50,2021-12-15,2.89158595109815,0.90269857621869,0.307643507704419,742,1607,0.684120902511707,7.88632842472621,91.916391645159,0.00617249256798199,8577.78201729911,8.27098233457946e-06,619.784790039062,963522,753854,697520,440972,0.457666768376851,35.45,41.8157142857143,44.2185714285714,25
"Buckinghamshire, Oxfordshire and Berkshire West",47,2021-11-24,7.38254035122576,6.04506530841574,1.27420225230928,381,1,0.00261780104712042,4.13276390518461,82.1340800694057,0.00418374248381172,15122.3761160714,6.68406379184765e-05,368.807464599609,1115013,1384853,1264479,480377,0.430826367046842,23.15,34.3357142857143,35.6742857142857,25
"Buckinghamshire, Oxfordshire and Berkshire West",48,2021-12-01,7.09755823260401,4.24743531615183,0.613571933349537,3075,61,0.0194515306122449,5.43010822364262,85.8002624511719,0.00475507918080049,12637.2706473214,7.67529995268238e-05,368.807464599609,1115013,1388365,1271226,553598,0.496494659703519,23.15,34.9,36.31,25
"Buckinghamshire, Oxfordshire and Berkshire West",49,2021-12-08,4.21407524610778,1.57041057993479,0.359638056161666,3184,677,0.175343175343175,6.65228700637817,84.8200868879046,0.00499291910922953,8735.24117606027,0.000145663296279963,368.807464599609,1115013,1391535,1276745,631396,0.566267837235978,23.15,34.9,36.31,25
"Buckinghamshire, Oxfordshire and Berkshire West",50,2021-12-15,3.78397677981241,1.0096384378519,0.268177978219176,1831,3346,0.646320262700406,7.94352715356009,91.8383440290179,0.00615888255249177,7854.72907366071,1.04872117715006e-05,368.807464599609,1115013,1396181,1283635,795959,0.713856251003351,35.45,41.8157142857143,44.2185714285714,25
"Cambridgeshire and Peterborough",47,2021-11-24,6.28313119326685,3.02486082489192,1.06106775758946,171,2,0.0115606936416185,4.50049938474383,80.2243619646345,0.00420774652489594,14034.57421875,6.6859377548261e-05,231.990753173828,969845,748973,683675,259498,0.267566466806552,23.15,34.3357142857143,35.6742857142857,25
"Cambridgeshire and Peterborough",48,2021-12-01,18.1194021339551,2.58051587792472,0.148746459113607,1762,16,0.00899887514060742,5.30135185377938,83.686024257115,0.00466818063120757,11348.1469029018,8.92654802718036e-05,231.990753173828,969845,751134,687658,296371,0.305585944145714,23.15,34.9,36.31,25
"Cambridgeshire and Peterborough",49,2021-12-08,11.7065006481732,1.89379736706914,0.171535760999331,1706,201,0.105401153644468,6.20853352546692,84.4358389718192,0.0049467734726412,8158.91810825893,0.000158830779712714,231.990753173828,969845,752966,691199,337925,0.348431965932701,23.15,34.9,36.31,25
"Cambridgeshire and Peterborough",50,2021-12-15,4.67631680187975,0.738911573339723,0.155399969080329,222,281,0.558648111332008,7.85082125663757,91.0390407017299,0.00605600912656103,7224.61830357143,1.08105623439769e-05,231.990753173828,969845,755652,695345,423283,0.436443967850533,35.45,41.8157142857143,44.2185714285714,25
"Cheshire and Merseyside",47,2021-11-24,14.9888557652052,4.74751837219906,0.928095497600274,980,13,0.013091641490433,4.61925704990114,80.5359736851284,0.0042559915953981,12978.4541015625,0.000122881056881852,1011.20953369141,2496557,1867858,1715211,717545,0.28741382632161,23.15,34.3357142857143,35.6742857142857,25
"Cheshire and Merseyside",48,2021-12-01,6.53981057596578,4.98678649781411,1.01269903293574,8383,94,0.0110888285950218,5.91242432594299,84.4088973999023,0.00478361786476203,9598.57672991071,0.000200464223390944,1011.20953369141,2496557,1873166,1723531,815428,0.326621022472149,23.15,34.9,36.31,25
"Cheshire and Merseyside",49,2021-12-08,6.4860321668438,3.16798703906444,0.49472869652606,6795,824,0.108150675941725,7.00140196936471,86.1253400530134,0.00520055667896356,6992.43045479911,0.000253580676923905,1011.20953369141,2496557,1878218,1731309,925159,0.370573954450069,23.15,34.9,36.31,25
"Cheshire and Merseyside",50,2021-12-15,3.29437099537003,1.39234561116307,0.427243556227477,4984,5838,0.539456662354463,7.03377321788243,88.7277886526925,0.00558067578822374,7283.10393415179,6.7109535036382e-05,1011.20953369141,2496557,1885855,1741179,1120990,0.449014382607727,35.45,41.8157142857143,44.2185714285714,25
"Coventry and Warwickshire",47,2021-11-24,6.50387648245152,5.59948914003331,1.18305741856493,271,2,0.00732600732600733,4.11156286512102,82.0311649867466,0.00416893112872328,14677.208984375,7.14529626902406e-05,544.5615234375,949454,701798,640659,278805,0.293647717530286,23.15,34.3357142857143,35.6742857142857,25
"Coventry and Warwickshire",48,2021-12-01,6.51254852713452,6.09684810376248,1.03567087081029,1934,23,0.0117526826775677,5.38091269561223,86.0444205147879,0.00471264549664089,11802.6953822545,8.77460526810734e-05,544.5615234375,949454,704216,644804,314083,0.330803809347267,23.15,34.9,36.31,25
"Coventry and Warwickshire",49,2021-12-08,6.70381390236501,1.94558643987001,0.272391635359475,1707,325,0.15994094488189,6.47100758552551,86.3728354317801,0.00500231595443828,7970.37513950893,0.000139831490741926,544.5615234375,949454,706384,648531,351027,0.369714593861314,23.15,34.9,36.31,25
"Coventry and Warwickshire",50,2021-12-15,3.69147178023186,0.397472610405959,0.103006338403322,1657,2734,0.622637212480073,7.79325359208243,92.346314566476,0.00612832878583244,7194.94426618304,1.64515344554924e-05,544.5615234375,949454,710423,652489,435717,0.458913228023685,35.45,41.8157142857143,44.2185714285714,25
"Cumbria and North East",47,2021-11-24,7.3350593253271,2.84594515692493,0.965933927221987,1193,18,0.0148637489677952,4.03586609874453,82.0400793892997,0.00401476750682507,11869.1482282366,0.000167866503886671,218.920364379883,3117630,2282141,2094662,871253,0.279460038554928,23.15,34.3357142857143,35.6742857142857,25
"Cumbria and North East",48,2021-12-01,5.25049579266946,5.83388913552239,1.251322877559,9082,156,0.0168867720285776,5.34521116529192,85.7251347133091,0.00456121756828257,7800.99295479911,0.000256394241919874,218.920364379883,3117630,2287819,2102873,996924,0.319769825155647,23.15,34.9,36.31,25
"Cumbria and North East",49,2021-12-08,8.56913543442039,3.58436814808611,0.442534709232928,8145,323,0.0381435994331601,6.15487432479858,89.9994136265346,0.00484710286504456,5499.1151297433,0.000135842940315862,218.920364379883,3117630,2294070,2112855,1136152,0.364428107248134,23.15,34.9,36.31,25
"Cumbria and North East",50,2021-12-15,4.39224393989189,1.98249294127477,0.488236788244101,7300,3949,0.351053426971286,6.81648107937404,89.3525630405971,0.00535198653649007,6357.72272600446,1.25071643099415e-05,218.920364379883,3117630,2302301,2124690,1367116,0.438511305061858,35.45,41.8157142857143,44.2185714285714,25
"Devon",47,2021-11-24,2.52079291499068,3.25235430463709,1.42224680053007,20,0,0,5.71997172491891,78.7927474975586,0.00445399915666452,17161.2522321429,5.13863297563993e-05,176.260620117188,1200739,963547,889805,365677,0.304543285426725,23.15,34.3357142857143,35.6742857142857,25
"Devon",48,2021-12-01,6.45651688439914,3.36753870317058,0.559252124858194,291,2,0.0068259385665529,7.49397393635341,83.1511851719448,0.00527141462745411,13514.3737444196,0.000117762609599075,176.260620117188,1200739,965952,894620,422779,0.352098999033095,23.15,34.9,36.31,25
"Devon",49,2021-12-08,7.89637384880776,2.10606663944972,0.265800889540394,178,25,0.123152709359606,8.47602496828352,79.2096906389509,0.00533500566546406,9905.52546037946,0.000126861602309093,176.260620117188,1200739,967964,898495,483821,0.402936025231128,23.15,34.9,36.31,25
"Devon",50,2021-12-15,3.44271248054915,0.647523379028243,0.183289042950224,127,131,0.507751937984496,8.25767639705113,92.4472285679409,0.00634977653888719,10994.0885881696,1.08804408357953e-05,176.260620117188,1200739,971310,903495,598360,0.498326447296207,35.45,41.8157142857143,44.2185714285714,25
"Dorset",47,2021-11-24,3.59911859398662,4.20330631406928,1.39779824426885,114,0,0,4.75436197008405,79.5897870744978,0.00424879180666591,17657.9624720982,2.46867242107588e-05,290.132537841797,773839,613364,570612,234872,0.303515330708326,23.15,34.3357142857143,35.6742857142857,25
"Dorset",48,2021-12-01,7.98374422126812,4.26717690799924,0.558700606549655,888,5,0.00559910414333707,6.4901066167014,82.8329533168248,0.00499863014556468,15384.1314174107,7.88529537284636e-05,290.132537841797,773839,615443,572568,271629,0.351014875187216,23.15,34.9,36.31,25
"Dorset",49,2021-12-08,8.54463564373367,2.33356909109274,0.267882208616609,804,76,0.0863636363636364,7.87787546430315,80.3468202863421,0.00527669589168259,9595.91081891741,0.000152034119992095,290.132537841797,773839,617163,574857,315031,0.407101477180654,23.15,34.9,36.31,25
"Dorset",50,2021-12-15,3.11403763781141,0.583334563496393,0.183118574965115,529,461,0.465656565656566,8.20327615737915,91.5082484654018,0.00624862712408815,10246.1457170759,8.35902788561985e-06,290.132537841797,773839,619451,578215,386032,0.49885312061036,35.45,41.8157142857143,44.2185714285714,25
"East London Health and Care Partnership",47,2021-11-24,7.44442573440379,6.66177683203385,1.34798692203963,249,6,0.0235294117647059,4.39472854137421,81.2859856741769,0.00422211024644119,15415.1148856027,3.89552672329176e-05,3436.615234375,2023383,1323762,1186650,306474,0.151466133697871,23.15,34.3357142857143,35.6742857142857,25
"East London Health and Care Partnership",48,2021-12-01,6.93282600563589,4.22419257146345,0.610145577336396,2150,129,0.0566037735849057,5.35694778817041,84.8835394723075,0.0047536730167589,12028.0219726562,7.15095454454838e-05,3436.615234375,2023383,1330833,1195140,356941,0.176408025569059,23.15,34.9,36.31,25
"East London Health and Care Partnership",49,2021-12-08,3.35439599110545,1.38955406379912,0.401465634964431,2305,1592,0.408519373877342,6.49598264694214,84.015020098005,0.00500136693673474,10335.9428710938,0.000173647161448441,3436.615234375,2023383,1336948,1202989,419928,0.207537574448337,23.15,34.9,36.31,25
"East London Health and Care Partnership",50,2021-12-15,2.47565526517809,0.720301537165182,0.28838228624335,1351,7079,0.839739027283511,7.90824161257063,91.8044237409319,0.00611625033031617,8356.80308314732,6.67563291959336e-06,3436.615234375,2023383,1345929,1211678,552496,0.273055570794061,35.45,41.8157142857143,44.2185714285714,25
"Frimley Health",47,2021-11-24,4.31132280939987,4.23154740671021,1.29835097246719,68,0,0,4.19345724582672,81.5685424804688,0.00418529260371413,15674.9287109375,6.21562988598612e-05,863.623229980469,793673,464399,421319,152431,0.192057686225939,23.15,34.3357142857143,35.6742857142857,25
"Frimley Health",48,2021-12-01,6.63641751407782,3.37626800172749,0.517769099671383,688,11,0.0157367668097282,5.45231112412044,85.081795828683,0.00477928568476013,12971.0994698661,6.76145090068303e-05,863.623229980469,793673,466047,423704,177895,0.22414142852283,23.15,34.9,36.31,25
"Frimley Health",49,2021-12-08,4.39382341727727,1.87347186248658,0.432489952629508,677,128,0.159006211180124,6.71056774684361,83.9911924089704,0.00503234299165862,9627.76869419643,0.000158218195533014,863.623229980469,793673,467494,426082,206249,0.259866468936199,23.15,34.9,36.31,25
"Frimley Health",50,2021-12-15,4.85568541189903,1.60225722947933,0.332465547180232,300,629,0.677072120559742,7.97271013259888,91.5576836722238,0.00615163712895342,8367.64055524554,7.12386037905942e-06,863.623229980469,793673,469477,428818,259135,0.326500964503013,35.45,41.8157142857143,44.2185714285714,25
"Gloucestershire",47,2021-11-24,5.74286315185361,4.18125232179153,1.09398782086453,119,0,0,4.3071528843471,81.5858840942383,0.0041993224793779,15568.2834821429,5.80190879746161e-05,268.906433105469,637070,507009,470334,200960,0.315444142715871,23.15,34.3357142857143,35.6742857142857,25
"Gloucestershire",48,2021-12-01,6.77545584095896,4.87383208633375,0.743366485890228,1428,13,0.00902151283830673,5.71916077818189,84.9722638811384,0.0047763795924506,12994.5537109375,7.54932361815008e-05,268.906433105469,637070,508394,472751,233373,0.366322382155807,23.15,34.9,36.31,25
"Gloucestershire",49,2021-12-08,4.99782110364511,2.50410112038291,0.487853962741707,888,64,0.0672268907563025,6.93248701095581,84.1737659999302,0.00503636989742517,8101.40053013393,0.00013156370921154,268.906433105469,637070,510105,474681,266931,0.418997912317328,23.15,34.9,36.31,25
"Gloucestershire",50,2021-12-15,3.80305715153034,1.14327936293333,0.294187612081082,737,735,0.499320652173913,7.85945010185242,92.3449205671038,0.00616997327389462,7708.17752511161,9.36439651663282e-06,268.906433105469,637070,512522,477591,341252,0.535658561853485,35.45,41.8157142857143,44.2185714285714,25
"Greater Manchester Health and Social Care Partnership",47,2021-11-24,21.3489760882751,6.08125493170166,0.883568130318419,976,9,0.00913705583756345,4.13290756302221,82.7578070504325,0.00412823745448674,12812.8557477679,0.000152989432093266,1395.83154296875,2882019,2023002,1822737,676046,0.234573748472859,23.15,34.3357142857143,35.6742857142857,25
"Greater Manchester Health and Social Care Partnership",48,2021-12-01,7.00133683861808,4.32662994229933,0.986479470851751,8558,151,0.0173383855781376,5.50014308520726,87.9729897635324,0.00469722944710936,8861.61934988839,0.000241393401925702,1395.83154296875,2882019,2029826,1833146,771767,0.267786922986975,23.15,34.9,36.31,25
"Greater Manchester Health and Social Care Partnership",49,2021-12-08,6.04342800921595,2.78337343967907,0.467974196235087,6608,1777,0.211926058437686,6.6943278993879,89.920900617327,0.0051759193385286,5992.6766531808,0.000253954664263542,1395.83154296875,2882019,2036533,1843607,879051,0.305012215394833,23.15,34.9,36.31,25
"Greater Manchester Health and Social Care Partnership",50,2021-12-15,3.32630392390642,1.14133700992362,0.340255912120934,4666,9360,0.667332097533153,6.61363063539777,91.1460669381278,0.0055147297680378,6919.89794921875,6.06545126678221e-05,1395.83154296875,2882019,2046346,1856548,1088797,0.377789667590672,35.45,41.8157142857143,44.2185714285714,25
"Hampshire and the Isle of Wight",47,2021-11-24,5.76812899892552,5.03450555846482,1.17147435267583,190,0,0,4.43870440551213,80.0508368355887,0.00417614794735398,16750.6724330357,4.56095953264172e-05,494.008758544922,1848603,1484899,1360853,541173,0.292747009498524,23.15,34.3357142857143,35.6742857142857,25
"Hampshire and the Isle of Wight",48,2021-12-01,7.02456787355382,4.23788753794287,0.625888807361831,1538,18,0.0115681233933162,5.95576977729797,83.7826341901507,0.0048748473636806,14439.8258928571,7.36712744193418e-05,494.008758544922,1848603,1487882,1366461,623539,0.337302817316644,23.15,34.9,36.31,25
"Hampshire and the Isle of Wight",49,2021-12-08,6.32575628432223,1.73762412239681,0.264004560529322,1197,201,0.143776824034335,7.33301755360195,82.3225195748465,0.00517340782763703,9799.63581194196,0.000180995938925272,494.008758544922,1848603,1490715,1372639,712218,0.385273636362161,23.15,34.9,36.31,25
"Hampshire and the Isle of Wight",50,2021-12-15,4.37705908514349,0.674878663235821,0.153042168645595,828,1098,0.570093457943925,8.06610250473022,91.5860105242048,0.00619204222623791,9368.63999720982,9.92247104087645e-06,494.008758544922,1848603,1495299,1380552,883466,0.47791007587892,35.45,41.8157142857143,44.2185714285714,25
"Healthier Lancashire and South Cumbria",47,2021-11-24,8.85917682899268,4.57582102662902,1.02054912202324,527,2,0.00378071833648393,4.35805650268282,80.4283043997628,0.00410512189513871,12161.229422433,0.000153734651933769,403.641540527344,1743741,1267261,1154898,500275,0.286897538109157,23.15,34.3357142857143,35.6742857142857,25
"Healthier Lancashire and South Cumbria",48,2021-12-01,6.05126704980804,5.48519244172359,0.999823687079715,4247,80,0.0184885602033742,5.70077558926174,85.7737219674247,0.00473529805562326,8449.06312779018,0.000274553003172124,403.641540527344,1743741,1270768,1160349,565769,0.324457015118644,23.15,34.9,36.31,25
"Healthier Lancashire and South Cumbria",49,2021-12-08,6.46332632176689,3.31997911136867,0.512534781635622,3511,444,0.112262958280657,6.8645384652274,88.392575945173,0.00515774437891585,5560.48636300223,0.000264972222794313,403.641540527344,1743741,1273889,1165534,633551,0.363328613595712,23.15,34.9,36.31,25
"Healthier Lancashire and South Cumbria",50,2021-12-15,3.57178665432098,1.46408351408421,0.407656262666518,3023,4034,0.571631004676208,6.80422673906599,90.5445741925921,0.00546474342367479,7082.20710100446,2.91593357165506e-05,403.641540527344,1743741,1278862,1172750,766924,0.439815316609519,35.45,41.8157142857143,44.2185714285714,25
"Herefordshire and Worcestershire",47,2021-11-24,5.72967587640322,4.62859150092864,1.15066066996667,341,2,0.00583090379008746,4.4792902980532,81.0047160557338,0.00420476502871939,15549.1635044643,6.27523095439691e-05,294.312591552734,788587,619905,573816,249789,0.316755158276766,23.15,34.3357142857143,35.6742857142857,25
"Herefordshire and Worcestershire",48,2021-12-01,7.43467690231994,5.51175243419528,0.776744041467671,2447,15,0.00609260763606824,5.85975102015904,84.3027016775949,0.00473925324955157,12545.1088169643,7.78048163608349e-05,294.312591552734,788587,621600,575979,286551,0.363372716009774,23.15,34.9,36.31,25
"Herefordshire and Worcestershire",49,2021-12-08,6.27821334725138,2.13744436581721,0.323744472606396,2111,145,0.0642730496453901,6.90691811697824,84.4331272670201,0.00503843211169754,7973.01388113839,0.000150234957150782,294.312591552734,788587,623512,578497,330819,0.419508564051906,23.15,34.9,36.31,25
"Herefordshire and Worcestershire",50,2021-12-15,4.91822476675271,0.986308075738131,0.198634794908485,1623,1405,0.464002642007926,7.70263188225882,92.4797177995954,0.00612677979682173,7696.25704520089,2.1612062742601e-05,294.312591552734,788587,625874,582468,413069,0.523809040727276,35.45,41.8157142857143,44.2185714285714,25
"Hertfordshire and West Essex",47,2021-11-24,8.99275742915677,7.35492676264411,1.38177347178232,284,3,0.0104529616724739,4.31410574913025,81.8001076834542,0.00421752474669899,14735.7717633929,6.18589841444742e-05,1292.71203613281,1432774,1126660,1029323,406138,0.283462709401483,23.15,34.3357142857143,35.6742857142857,25
"Hertfordshire and West Essex",48,2021-12-01,6.83033369769673,5.32838101030673,0.821454598696286,2921,47,0.0158355795148248,5.28671024526869,85.0258080618722,0.00470787117124668,11731.6677594866,7.70800997825307e-05,1292.71203613281,1432774,1129782,1034372,466056,0.325282284575237,23.15,34.9,36.31,25
"Hertfordshire and West Essex",49,2021-12-08,3.73661381044766,1.60828923433256,0.400708940782765,3114,895,0.223247692691444,6.35307884216309,84.7765524727958,0.0049529737526817,9258.783203125,0.000163556133754485,1292.71203613281,1432774,1133047,1039259,537585,0.375205719813453,23.15,34.9,36.31,25
"Hertfordshire and West Essex",50,2021-12-15,3.49659586361769,0.934765580981677,0.268845400012084,2314,5597,0.707495891796233,7.92914737973894,91.4721385410854,0.00611260792772685,7701.93666294643,8.23380498461899e-06,1292.71203613281,1432774,1137043,1045572,675382,0.471380692279452,35.45,41.8157142857143,44.2185714285714,25
"Humber, Coast and Vale",47,2021-11-24,7.56171481743939,4.597228965217,1.17480584834429,561,1,0.00177935943060498,4.56758393560137,79.1594870431083,0.00411325360515288,12714.3717912946,0.000126048692728935,201.904663085938,1389600,1316929,1214936,515020,0.370624640184226,23.15,34.3357142857143,35.6742857142857,25
"Humber, Coast and Vale",48,2021-12-01,7.18728027058902,6.077113228706,0.889179780962626,4855,34,0.00695438740028636,5.49024704524449,84.1553530011858,0.00466015399433672,8898.05161830357,0.000177872685266526,201.904663085938,1389600,1320905,1219535,591349,0.42555339666091,23.15,34.9,36.31,25
"Humber, Coast and Vale",49,2021-12-08,6.70838947325816,3.04385579298035,0.445708158994807,4670,197,0.040476679679474,6.13377438272749,87.6856079101562,0.00491698385615434,6350.7762625558,0.00012302755125607,201.904663085938,1389600,1324397,1225462,682570,0.491198906160046,23.15,34.9,36.31,25
"Humber, Coast and Vale",50,2021-12-15,3.99937542147874,1.78820122253432,0.458893086100484,3509,2288,0.394686907020873,6.7815922328404,88.9347359793527,0.00542703596875072,6940.91329520089,3.67937361391211e-05,201.904663085938,1389600,1328907,1233119,835131,0.600986614853195,35.45,41.8157142857143,44.2185714285714,25
"Joined Up Care Derbyshire",47,2021-11-24,5.42788329588373,4.2641756768551,1.32529000262622,201,2,0.00985221674876847,4.19018421641418,82.5280445643834,0.00408579335947122,14057.4874441964,9.77615076515852e-05,501.929260253906,1013663,815767,753289,321019,0.316692036702533,23.15,34.3357142857143,35.6742857142857,25
"Joined Up Care Derbyshire",48,2021-12-01,7.76174151251358,6.48771779884351,0.845239914550651,2266,35,0.0152107779226423,5.35980159895761,87.4318695068359,0.00461398258006999,10149.1542271205,0.000158769139878651,501.929260253906,1013663,817671,756631,371548,0.366539964465508,23.15,34.9,36.31,25
"Joined Up Care Derbyshire",49,2021-12-08,4.84550555825934,2.5215239470344,0.494147228865681,2158,179,0.0765939238339752,6.45605976240976,89.7242344447545,0.00504665243040238,7019.1368233817,0.000157918002384706,501.929260253906,1013663,819298,759689,427242,0.42148327402697,23.15,34.9,36.31,25
"Joined Up Care Derbyshire",50,2021-12-15,3.88334789283568,1.40281799064354,0.365197864723853,1743,2293,0.568136769078295,7.07591145379203,92.8726152692522,0.00577862680490528,6810.28679547991,7.33016088767207e-05,501.929260253906,1013663,821674,763983,517415,0.510440846711382,35.45,41.8157142857143,44.2185714285714,25
"Kent and Medway",47,2021-11-24,9.01929193026999,5.63171098315006,1.31264782552187,427,7,0.0161290322580645,5.07762398038592,79.8941715785435,0.00434952694922686,15561.7709263393,5.35047998937443e-05,577.73388671875,1860111,1375468,1258814,496011,0.266656667263405,23.15,34.3357142857143,35.6742857142857,25
"Kent and Medway",48,2021-12-01,5.91282274635718,4.30568624569108,0.8007065589491,4612,87,0.0185145775696957,5.63122435978481,84.0426690237863,0.00479399785399437,12685.5442940848,7.87649837314624e-05,577.73388671875,1860111,1381191,1265379,575564,0.309424545094352,23.15,34.9,36.31,25
"Kent and Medway",49,2021-12-08,4.31738471351848,1.80176406313942,0.404367721048936,4799,906,0.158808063102542,6.79915353230068,83.3868909563337,0.00508915386827929,11734.3099190848,0.00018657014983806,577.73388671875,1860111,1385957,1272002,662953,0.356405074750915,23.15,34.9,36.31,25
"Kent and Medway",50,2021-12-15,4.21684552853549,1.052364352605,0.249486759158084,3120,4602,0.595959595959596,7.91868673052107,91.871216910226,0.00613734279093998,9516.72991071429,8.80247583674126e-06,577.73388671875,1860111,1392225,1279656,819232,0.440421028637538,35.45,41.8157142857143,44.2185714285714,25
"Leicester, Leicestershire and Rutland",47,2021-11-24,3.79457039091566,4.71130255536266,1.67262237001954,190,6,0.0306122448979592,4.18087857535907,80.6414380754743,0.00412340146223349,14485.0115792411,6.61343261729413e-05,532.364624023438,1100306,823992,753097,275714,0.250579384280373,23.15,34.3357142857143,35.6742857142857,25
"Leicester, Leicestershire and Rutland",48,2021-12-01,7.53991872400748,6.58955823296371,0.909128418828541,1986,37,0.0182896688086999,5.290494288717,85.5555659702846,0.00466239000005381,11274.7901785714,9.78832315792845e-05,532.364624023438,1100306,826944,757326,325763,0.296065821689603,23.15,34.9,36.31,25
"Leicester, Leicestershire and Rutland",49,2021-12-08,5.27035519727184,2.00250288042334,0.342285934120571,2401,312,0.115001842978253,6.35420336042132,86.941276550293,0.00499320662181292,7839.42145647321,0.000133115832276027,532.364624023438,1100306,829681,761359,381569,0.346784439964883,23.15,34.9,36.31,25
"Leicester, Leicestershire and Rutland",50,2021-12-15,4.83115977928213,1.08906708096841,0.226988229276925,2228,3306,0.597397903867004,7.6090372630528,92.1326392037528,0.00604517551671181,7057.97223772321,2.18792048290847e-05,532.364624023438,1100306,833367,765901,473611,0.430435715155602,35.45,41.8157142857143,44.2185714285714,25
"Lincolnshire",47,2021-11-24,4.17810271465746,4.40261638473902,1.64899605074295,128,0,0,4.67904652867998,78.849252973284,0.00418429731923555,13464.7045898438,6.50357326727707e-05,143.554931640625,761224,595862,550795,228621,0.300333410402194,23.15,34.3357142857143,35.6742857142857,25
"Lincolnshire",48,2021-12-01,7.69222117400922,4.41589581056537,0.591658865328958,1640,15,0.00906344410876133,5.32283747196198,83.658207484654,0.00466786504590086,10488.9957449777,0.000109346578418419,143.554931640625,761224,596976,553359,264944,0.348049982659506,23.15,34.9,36.31,25
"Lincolnshire",49,2021-12-08,6.08137178886539,2.55655337754104,0.42206816147333,2050,127,0.0583371612310519,6.09575200080872,85.5729130336216,0.00495689807991896,7479.87513950893,0.00013115941068723,143.554931640625,761224,598273,555956,305346,0.401125030214497,23.15,34.9,36.31,25
"Lincolnshire",50,2021-12-15,4.44800816790456,1.42008126099777,0.322038863105026,1170,897,0.433962264150943,7.41843223571777,91.2378104073661,0.00589875344719206,7205.69458007812,3.55095459789417e-05,143.554931640625,761224,599735,558746,380043,0.499252519626286,35.45,41.8157142857143,44.2185714285714,25
"Mid and South Essex",47,2021-11-24,7.95712489260573,5.76201688093199,1.19096411451676,370,8,0.0211640211640212,4.66960307529994,80.9434836251395,0.00426775286905468,14865.5686383929,4.88237863022053e-05,612.018493652344,1195348,881448,808948,330103,0.276156399642615,23.15,34.3357142857143,35.6742857142857,25
"Mid and South Essex",48,2021-12-01,6.6264246112761,4.41212047090884,0.700485817432839,3163,69,0.0213490099009901,5.37131873198918,84.4088952200753,0.00472764544455068,11921.1779436384,7.73187799398199e-05,612.018493652344,1195348,883845,812817,379614,0.317576136823753,23.15,34.9,36.31,25
"Mid and South Essex",49,2021-12-08,4.83070957863894,1.72911324479364,0.344809498439439,2956,834,0.220052770448549,6.38148852757045,84.2743595668248,0.00498673086985946,10598.6810825893,0.000192286834914869,612.018493652344,1195348,886119,816469,434726,0.36368153876528,23.15,34.9,36.31,25
"Mid and South Essex",50,2021-12-15,3.62595057879479,0.847323728620559,0.232987071857516,1910,4202,0.6875,7.91423061915806,91.1057499476841,0.00607632153800556,8297.88846261161,1.05484300547687e-05,612.018493652344,1195348,889606,821401,531532,0.444667159689061,35.45,41.8157142857143,44.2185714285714,25
"Norfolk and Waveney Health and Care Partnership",47,2021-11-24,5.19327332346917,2.9791237674732,1.11096261455998,93,0,0,5.55408293860299,80.1907751900809,0.00447517440521291,13616.2075892857,8.68019874035651e-05,176.753829956055,1032491,724480,670355,282980,0.274075028256905,23.15,34.3357142857143,35.6742857142857,25
"Norfolk and Waveney Health and Care Partnership",48,2021-12-01,25.1964945068802,3.19881022336619,0.141099018959924,1051,7,0.00661625708884688,5.75383356639317,84.7554484776088,0.00485665776899883,10144.6336495536,0.000125787163727052,176.753829956055,1032491,726167,673017,325354,0.315115579699968,23.15,34.9,36.31,25
"Norfolk and Waveney Health and Care Partnership",49,2021-12-08,27.7973836927633,2.85091396630895,0.105738685780902,1060,144,0.119601328903654,6.15475048337664,84.9041104997907,0.00499101515327181,8159.88023158482,0.000191817259682076,176.753829956055,1032491,727541,675575,370166,0.358517410805518,23.15,34.9,36.31,25
"Norfolk and Waveney Health and Care Partnership",50,2021-12-15,3.7277141362496,0.352731281184083,0.0907021246729815,120,107,0.47136563876652,7.75645208358765,90.7058323451451,0.00598533325163381,8025.52748325893,2.07694804755322e-05,176.753829956055,1032491,729484,679338,458921,0.444479419191063,35.45,41.8157142857143,44.2185714285714,25
"North London Partners in Health and Care",47,2021-11-24,8.90044119368182,8.29643292443987,1.4664768208034,133,1,0.00746268656716418,4.31481451647622,81.3991274152483,0.00421218028558152,15171.6781529018,5.18152825017231e-05,6069.93603515625,1510806,988055,890650,290567,0.192325818139457,23.15,34.3357142857143,35.6742857142857,25
"North London Partners in Health and Care",48,2021-12-01,7.44674817988332,5.25050029223586,0.717576944277862,1625,56,0.033313503866746,5.35425744737898,85.0268064226423,0.00474529606955392,11923.3424944196,7.46758644579261e-05,6069.93603515625,1510806,992186,896248,333417,0.220688162477512,23.15,34.9,36.31,25
"North London Partners in Health and Care",49,2021-12-08,3.00254495458859,1.30750327434721,0.411193810942931,1721,1131,0.39656381486676,6.46482937676566,84.2436654227121,0.00498477495940668,9635.01576450893,0.000157600269241292,6069.93603515625,1510806,996085,901506,388927,0.257430139938549,23.15,34.9,36.31,25
"North London Partners in Health and Care",50,2021-12-15,2.80453323416125,0.715349838172509,0.257269302026836,1182,6418,0.844473684210526,7.92531285967146,91.7310496738979,0.00612926689375724,7995.50446428571,7.5175711182445e-06,6069.93603515625,1510806,1002610,907634,497328,0.329180583079495,35.45,41.8157142857143,44.2185714285714,25
"North West London Health and Care Partnership",47,2021-11-24,6.82708760828665,6.5879877233856,1.60523814694414,127,4,0.0305343511450382,4.28924790450505,81.3192051478795,0.00420166452282241,15381.641671317,5.58667640331935e-05,3484.11572265625,2103719,1509992,1353100,440433,0.209359234764719,23.15,34.3357142857143,35.6742857142857,25
"North West London Health and Care Partnership",48,2021-12-01,6.86782289156159,5.25194364299642,0.77045085026393,1828,69,0.0363732208750659,5.40368786028453,85.0819277082171,0.00476764910854399,12260.580078125,7.28969534975477e-05,3484.11572265625,2103719,1516557,1362459,501824,0.238541364127053,23.15,34.9,36.31,25
"North West London Health and Care Partnership",49,2021-12-08,2.96586498518526,1.57810744706594,0.503107396888495,2127,946,0.307842499186463,6.55293553216117,84.0163803100586,0.0050058603020651,9680.47147042411,0.000148814308236719,3484.11572265625,2103719,1522939,1370704,575547,0.273585493119566,23.15,34.9,36.31,25
"North West London Health and Care Partnership",50,2021-12-15,2.68902027630108,1.06387646780198,0.395214871337201,1566,5989,0.79272005294507,7.94103581564767,91.740711757115,0.00613827151911599,8141.04931640625,7.48102333350939e-06,3484.11572265625,2103719,1533738,1380378,725713,0.344966699449879,35.45,41.8157142857143,44.2185714285714,25
"Northamptonshire",47,2021-11-24,3.21466677188108,3.3647109920491,1.47272874854425,159,5,0.0304878048780488,4.17884256158556,81.0709511893136,0.00414648409267621,14615.07421875,6.0581102225145e-05,380.025573730469,706015,490937,448398,171581,0.243027414431705,23.15,34.3357142857143,35.6742857142857,25
"Northamptonshire",48,2021-12-01,5.36859232638179,3.34211128682466,0.634292753553584,1610,79,0.0467732386027235,5.33926473345075,85.6880776541574,0.0046883483217763,11849.965750558,9.0847636877405e-05,380.025573730469,706015,492847,451299,196958,0.278971409955879,23.15,34.9,36.31,25
"Northamptonshire",49,2021-12-08,5.76945415767894,2.2879538625428,0.396640394007963,1809,286,0.136515513126492,6.37504492487226,86.2288654872349,0.00496435438149742,8163.33649553571,0.000135925298049447,380.025573730469,706015,494361,453775,232790,0.329723872722251,23.15,34.9,36.31,25
"Northamptonshire",50,2021-12-15,3.61051414390186,1.00957800341729,0.277844690991984,1126,1213,0.518597691321077,7.82924580574036,91.8615526471819,0.00612016421343599,7415.84354073661,1.38319751386007e-05,380.025573730469,706015,496445,456562,295373,0.418366465301729,35.45,41.8157142857143,44.2185714285714,25
"Nottingham and Nottinghamshire Health and Care",47,2021-11-24,5.35529118050258,6.41216971250768,1.55880320111181,196,3,0.0150753768844221,4.35384541111333,78.2842581612723,0.0040758633320885,14264.4412667411,7.13776514805277e-05,622.113159179688,1043665,756860,692478,256097,0.245382378445191,23.15,34.3357142857143,35.6742857142857,25
"Nottingham and Nottinghamshire Health and Care",48,2021-12-01,6.3075543242223,6.43033486321469,1.04976724493469,1788,31,0.017042330951072,5.30918160506657,83.7567770821708,0.00463569247429924,10628.5099748884,0.000104907160578348,622.113159179688,1043665,759114,695978,299778,0.287235846751592,23.15,34.9,36.31,25
"Nottingham and Nottinghamshire Health and Care",49,2021-12-08,3.17022722245044,1.53449099010804,0.415738194835208,1995,493,0.198151125401929,6.35798978805542,86.0125972202846,0.00501507420891098,7548.47056361607,0.000118301049302058,622.113159179688,1043665,761252,699617,347726,0.333177791724356,23.15,34.9,36.31,25
"Nottingham and Nottinghamshire Health and Care",50,2021-12-15,3.68072497678813,0.947016698884137,0.259127246277992,2148,4336,0.668723010487353,7.29511461939131,91.1238719395229,0.00587861326390079,6834.2451171875,4.78658392535993e-05,622.113159179688,1043665,764258,703965,425966,0.408144375829409,35.45,41.8157142857143,44.2185714285714,25
"Our Healthier South East London",47,2021-11-24,8.29320661015787,7.69581699504487,1.44558880771903,246,5,0.0199203187250996,4.3587646484375,81.2952346801758,0.0042165934573859,15551.3517717634,3.84340424984332e-05,3102.67431640625,1819271,1252826,1141320,358336,0.196966807034246,23.15,34.3357142857143,35.6742857142857,25
"Our Healthier South East London",48,2021-12-01,6.90101152156733,4.69879121700269,0.691640973872006,2486,139,0.052952380952381,5.35875460931233,85.1104714529855,0.00476152622806174,12132.3650251116,7.08071732528229e-05,3102.67431640625,1819271,1257666,1147992,413950,0.227536194442719,23.15,34.9,36.31,25
"Our Healthier South East London",49,2021-12-08,2.84174985122438,1.12958345090897,0.368613995674526,2773,2072,0.42765737874097,6.53397451128278,84.121711730957,0.00500970599906785,10290.0611049107,0.000173839535429059,3102.67431640625,1819271,1262543,1154209,489005,0.268791730313955,23.15,34.9,36.31,25
"Our Healthier South East London",50,2021-12-15,2.89947206484746,0.723507803193166,0.25074369754289,1805,10024,0.847408910305182,7.91598817280361,91.961434500558,0.00613434426486492,8436.78731863839,7.04899062904068e-06,3102.67431640625,1819271,1270029,1161131,641692,0.352719303501238,35.45,41.8157142857143,44.2185714285714,25
"Shropshire and Telford and Wrekin",47,2021-11-24,4.67972314160736,3.70556871952777,1.11126323929778,171,1,0.00581395348837209,4.53351790564401,82.2765666416713,0.00426322328192847,14473.4534040179,8.26077587378547e-05,138.052093505859,502990,392008,359222,166338,0.330698423427901,23.15,34.3357142857143,35.6742857142857,25
"Shropshire and Telford and Wrekin",48,2021-12-01,5.42089268240609,4.47319346096266,0.857965751443399,1651,23,0.0137395459976105,5.94930829320635,84.7296469552176,0.00474912869477911,11237.1407645089,0.000100435031397085,138.052093505859,502990,392777,360788,189252,0.37625400107358,23.15,34.9,36.31,25
"Shropshire and Telford and Wrekin",49,2021-12-08,7.44511225256355,3.1082120225534,0.421969274917742,1077,88,0.0755364806866953,7.00607919692993,85.2915093558175,0.0050886446344001,7819.99874441964,0.000190320499573967,138.052093505859,502990,393608,362284,215692,0.428819658442514,23.15,34.9,36.31,25
"Shropshire and Telford and Wrekin",50,2021-12-15,5.05601001993191,1.24724493781904,0.239977229830383,1082,781,0.419216317767042,7.29227474757603,92.2633078438895,0.00593814772686788,7539.2276436942,6.45512549389033e-05,138.052093505859,502990,395235,364631,262569,0.522016342273206,35.45,41.8157142857143,44.2185714285714,25
"Somerset",47,2021-11-24,2.81104955024246,3.2165444082096,1.40039250636991,29,0,0,5.00030377932957,79.2221450805664,0.00430161695528243,17280.0510602679,3.26492493546279e-05,210.395034790039,562225,453360,418885,179617,0.319475299035084,23.15,34.3357142857143,35.6742857142857,25
"Somerset",48,2021-12-01,5.00444391413369,3.38312928339122,0.687550248888288,674,14,0.0203488372093023,6.70386852536883,82.9442825317383,0.00506011027443622,14616.7010323661,7.84417472914356e-05,210.395034790039,562225,454301,420672,205490,0.365494241629241,23.15,34.9,36.31,25
"Somerset",49,2021-12-08,5.33826660072399,2.44106151498157,0.455668191752904,436,47,0.0973084886128364,7.96872888292585,79.7587563650949,0.00522833989400949,9023.73402622768,0.00012670058367803,210.395034790039,562225,455272,422503,233430,0.415189648272489,23.15,34.9,36.31,25
"Somerset",50,2021-12-15,3.55171489285429,1.22915825491074,0.340655103282128,363,305,0.456586826347305,8.10083675384521,91.227039882115,0.00620335839422686,9572.61502511161,1.0763416932085e-05,210.395034790039,562225,456741,424904,286250,0.509137800702566,35.45,41.8157142857143,44.2185714285714,25
"South West London Health and Care Partnership",47,2021-11-24,7.50164584295065,7.47101560314787,1.636484119036,94,3,0.0309278350515464,4.30506917408534,81.2256556919643,0.00420481774822942,15630.4836774554,4.70979254194909e-05,4533.85009765625,1504810,1086853,990317,336476,0.22360032163529,23.15,34.3357142857143,35.6742857142857,25
"South West London Health and Care Partnership",48,2021-12-01,7.29944207471878,4.88580573621767,0.670074564742587,1479,46,0.0301639344262295,5.38673949241638,85.2016895839146,0.00477017728345735,12362.6157226562,6.92889150611466e-05,4533.85009765625,1504810,1090559,996682,385942,0.256472245665566,23.15,34.9,36.31,25
"South West London Health and Care Partnership",49,2021-12-08,2.99508576947895,1.3918555696956,0.454056935351509,1732,883,0.337667304015296,6.58034406389509,84.0725326538086,0.00501746311783791,10081.3920200893,0.000160986450542363,4533.85009765625,1504810,1094154,1001644,452212,0.300511027970309,23.15,34.9,36.31,25
"South West London Health and Care Partnership",50,2021-12-15,3.2175422881443,0.939836021779112,0.295871217405032,1100,4782,0.81298877932676,7.93231725692749,91.9807444981166,0.0061517059803009,8445.3447265625,7.4341191163642e-06,4533.85009765625,1504810,1099825,1007518,586961,0.390056551989952,35.45,41.8157142857143,44.2185714285714,25
"South Yorkshire and Bassetlaw",47,2021-11-24,7.42342848134418,4.00514185817699,1.10883730846077,434,9,0.0203160270880361,4.36040302259581,78.711538042341,0.00404603160651667,13702.27734375,8.36751685621298e-05,634.950988769531,1526479,1114300,1019090,408110,0.267353825371983,23.15,34.3357142857143,35.6742857142857,25
"South Yorkshire and Bassetlaw",48,2021-12-01,8.01371368871012,6.97473385536864,0.898754747071952,4154,50,0.0118934348239772,5.4613082408905,84.1046077183315,0.00462433941928404,9795.60993303571,0.00012935529587464,634.950988769531,1526479,1117877,1023739,470032,0.307919073894891,23.15,34.9,36.31,25
"South Yorkshire and Bassetlaw",49,2021-12-08,5.19863515353369,2.59542739395399,0.462466186445206,3570,293,0.0758477866942791,6.52128641945975,86.8404519217355,0.00502882645066295,6888.06361607143,0.000126036647998262,634.950988769531,1526479,1120835,1028490,539957,0.353727106629046,23.15,34.9,36.31,25
"South Yorkshire and Bassetlaw",50,2021-12-15,3.62249667711934,1.68468680092979,0.475174788531533,2824,3732,0.569249542403905,6.95884149415152,89.8434611729213,0.00560789495440466,6782.60267857143,5.93145763799287e-05,634.950988769531,1526479,1125627,1034797,672455,0.440526859524435,35.45,41.8157142857143,44.2185714285714,25
"Staffordshire and Stoke on Trent",47,2021-11-24,9.31339117655091,4.06414611626692,1.11354865922672,258,4,0.0152671755725191,4.06029903037207,83.5600662231445,0.00418568159719663,14188.4852120536,0.000102993632355362,611.01171875,1135935,867347,797933,344206,0.303015577475824,23.15,34.3357142857143,35.6742857142857,25
"Staffordshire and Stoke on Trent",48,2021-12-01,7.8577103307613,4.09279414002824,0.551131452397641,3208,32,0.00987654320987654,5.49077572141375,87.1888471330915,0.00468531031427639,10626.1120256696,0.0001536749263583,611.01171875,1135935,870412,801329,393374,0.346299744263536,23.15,34.9,36.31,25
"Staffordshire and Stoke on Trent",49,2021-12-08,5.28595932092659,2.94233877552319,0.574055530077309,2681,275,0.0930311231393775,6.63754115785871,88.2992488316127,0.00508765550330281,7362.69761439732,0.000179244172094124,611.01171875,1135935,872945,805607,452349,0.398217327575962,23.15,34.9,36.31,25
"Staffordshire and Stoke on Trent",50,2021-12-15,4.5957648102171,1.29400916613619,0.277695343367985,1228,1447,0.540934579439252,7.21213906151908,92.402095249721,0.00588813903076308,6985.08154296875,6.69030580857972e-05,611.01171875,1135935,876147,810548,545814,0.48049756368102,35.45,41.8157142857143,44.2185714285714,25
"Suffolk and North East Essex",47,2021-11-24,5.08439306236188,3.65396841497919,1.3068822237647,175,2,0.0112994350282486,5.05251554080418,81.2248960222517,0.00437710570570614,14016.575125558,5.66040292012206e-05,237.883941650391,977887,854964,789146,347256,0.355108514582973,23.15,34.3357142857143,35.6742857142857,25
"Suffolk and North East Essex",48,2021-12-01,8.83535303817533,2.85437311377047,0.328599256440751,1869,20,0.0105876124933827,5.40363320282527,85.2262257167271,0.00478162539989821,11050.3205217634,9.04977928907361e-05,237.883941650391,977887,857115,792066,400737,0.40979888269299,23.15,34.9,36.31,25
"Suffolk and North East Essex",49,2021-12-08,6.58020082440537,2.26273309291424,0.351336886498922,2003,311,0.134399308556612,6.19499117987497,84.9501168387277,0.0049901008605957,9576.79534040179,0.000216170745261479,237.883941650391,977887,859211,795481,455628,0.465931135192512,23.15,34.9,36.31,25
"Suffolk and North East Essex",50,2021-12-15,3.47846871014966,1.09425224367467,0.313916601486725,626,609,0.493117408906883,7.88083675929478,90.5499540056501,0.00602482152836663,7950.40025111607,1.5495304588902e-05,237.883941650391,977887,862071,800650,553888,0.566413092719302,35.45,41.8157142857143,44.2185714285714,25
"Surrey Heartlands",47,2021-11-24,5.93725258183006,4.91599742184551,1.3459657094344,63,1,0.015625,4.27678979294641,80.9904272896903,0.00418326800822147,16073.810546875,5.05141827237107e-05,1334.5263671875,806706,857664,788923,323752,0.401325885762595,23.15,34.3357142857143,35.6742857142857,25
"Surrey Heartlands",48,2021-12-01,7.80563415080726,4.06576553987854,0.519302988016227,970,14,0.0142276422764228,5.46979331970215,84.9652731759208,0.00478581379034689,13051.6771065848,6.48013471931108e-05,1334.5263671875,806706,860645,793568,373374,0.462837762456211,23.15,34.9,36.31,25
"Surrey Heartlands",49,2021-12-08,3.66034366863001,1.70050267986926,0.481033130810843,892,181,0.168685927306617,6.76055567605155,83.784432547433,0.00505650329536625,10256.7750418527,0.000165401180181237,1334.5263671875,806706,863653,797417,428562,0.53124930271995,23.15,34.9,36.31,25
"Surrey Heartlands",50,2021-12-15,3.78015993369623,1.42580147212794,0.376671653482317,449,1097,0.709573091849935,7.95695338930402,91.9174466814314,0.00616695545613766,8819.99483816964,6.87518922859454e-06,1334.5263671875,806706,867426,801556,527126,0.653430122002316,35.45,41.8157142857143,44.2185714285714,25
"Sussex and East Surrey",47,2021-11-24,6.29676019831198,5.00082471461465,1.28940890128491,142,2,0.0138888888888889,4.95314679827009,77.8523352486747,0.00419805983879736,16746.5072544643,3.82239020625873e-05,486.284942626953,1874597,1329079,1224043,506190,0.270026037596347,23.15,34.3357142857143,35.6742857142857,25
"Sussex and East Surrey",48,2021-12-01,7.4367001595857,5.04527346823087,0.696314633468446,1906,20,0.0103842159916926,6.02196066720145,82.5910372052874,0.00486764794082514,13674.7383510045,7.30205647211538e-05,486.284942626953,1874597,1332401,1229326,578753,0.308734624028525,23.15,34.9,36.31,25
"Sussex and East Surrey",49,2021-12-08,4.60441671755189,1.85793572918707,0.38266638907589,1527,211,0.121403912543153,7.32876593726022,81.5394624982561,0.00517901671784265,11135.6227678571,0.000197144339836086,486.284942626953,1874597,1335884,1234422,656747,0.350340366489437,23.15,34.9,36.31,25
"Sussex and East Surrey",50,2021-12-15,4.13628307416665,1.26366996547704,0.30510811598525,1200,1652,0.579242636746143,8.0020854813712,92.0273764474051,0.00618151808157563,9853.35065569196,1.18182123774854e-05,486.284942626953,1874597,1340741,1240779,797205,0.42526740414073,35.45,41.8157142857143,44.2185714285714,25
"The Black Country and West Birmingham",47,2021-11-24,5.76979359478493,4.18651717758186,1.25339900088173,141,2,0.013986013986014,4.15059969254902,82.253899710519,0.00420221659754004,14614.0904017857,8.60842839581924e-05,1513.19262695312,1769789,833023,753730,282243,0.159478333292839,23.15,34.3357142857143,35.6742857142857,25
"The Black Country and West Birmingham",48,2021-12-01,5.0354712629528,5.13265456974279,1.10018553973902,2030,46,0.0221579961464355,5.55234725134713,85.4736099243164,0.0047194401267916,11434.8215680804,0.000111015000324447,1513.19262695312,1769789,835934,758121,327904,0.185278584057196,23.15,34.9,36.31,25
"The Black Country and West Birmingham",49,2021-12-08,7.43217138215739,3.0746958094685,0.420464848400968,1599,235,0.128135223555071,6.62587411063058,86.3586643763951,0.00505385980276125,7755.37472098214,0.000162926151590779,1513.19262695312,1769789,838638,762289,377231,0.213150268195813,23.15,34.9,36.31,25
"The Black Country and West Birmingham",50,2021-12-15,4.39726646775554,0.950624619196422,0.205351454186157,1747,2061,0.541228991596639,7.53251910209656,92.390745980399,0.00605998833530715,7052.7412109375,3.14918644010374e-05,1513.19262695312,1769789,842778,767355,462214,0.261168986811422,35.45,41.8157142857143,44.2185714285714,25
"West Yorkshire and Harrogate (Health and Care Partnership)",47,2021-11-24,8.8168416116623,4.18933581602318,1.15464607803054,635,7,0.0109034267912773,4.00880677678755,82.8276628766741,0.00399690397482898,12978.7755301339,0.000148424634289768,696.902709960938,2521871,1715211,1556834,608359,0.24123319551238,23.15,34.3357142857143,35.6742857142857,25
"West Yorkshire and Harrogate (Health and Care Partnership)",48,2021-12-01,7.63682209506773,6.97275738201727,0.983250094091824,6469,77,0.0117629086465017,5.37770436491285,87.8792070661272,0.00459799609546151,8741.5615234375,0.000190554299738973,696.902709960938,2521871,1721253,1564805,690116,0.273652379522981,23.15,34.9,36.31,25
"West Yorkshire and Harrogate (Health and Care Partnership)",49,2021-12-08,6.0703938931906,2.69568371104412,0.415031429314326,6067,432,0.0664717648869057,6.49929707390921,90.5222996303013,0.00501504819840193,5687.06483677455,0.000163878211878909,696.902709960938,2521871,1726615,1572505,784438,0.311053975401597,23.15,34.9,36.31,25
"West Yorkshire and Harrogate (Health and Care Partnership)",50,2021-12-15,3.46647519299259,1.5837510205648,0.480922439408031,4625,5245,0.531408308004053,6.36164634568351,94.0756803240095,0.00543426629155874,6623.81815011161,4.23647161085228e-05,696.902709960938,2521871,1734242,1582337,964841,0.382589355284231,35.45,41.8157142857143,44.2185714285714,25
